{
	"id": "820cd6e3-fa0d-40c2-c884-440ab0ee88b1",
	"name": "mobcare",
	"description": "",
	"order": [
		"3dda42ea-54e1-5080-738f-78d94a6b809c",
		"125e6019-5ac0-148a-e2ec-18e95e59b4a8",
		"53ef68d5-fba1-d6d5-79ee-ae6601b68754",
		"fc1cd2a2-9958-a589-cf36-7a7710b84dbe",
		"4cd6703e-8de0-d422-8a43-608e2efaa409",
		"90b2c835-6564-e566-ef8e-9a87dba95df6",
		"6d432c55-2c86-4fab-8158-ac3516fab27e",
		"f3106d44-04ad-7f08-a098-25376f58aa00",
		"a4fd668a-ebc8-0465-89ad-b9270b2b0552",
		"36046c5a-7bff-c445-8edf-31f792594c36",
		"c0a6f79b-f948-23fb-4bd1-491e83956e84",
		"1d6cbd29-7b51-f3c8-b152-a7011caf412a",
		"8d403a3f-bed9-37b4-e4fe-89b5120194dd",
		"b07e26c6-8317-e1a8-d6e2-9e0b93351d0c",
		"833995fa-1702-f97d-2b7c-3d2536898a92",
		"abbad899-3fbb-9ba9-a583-fcfb0a236736",
		"8d91480f-7014-f768-5b4c-90f4c8c254b5",
		"c18a24a4-65c8-4ffa-6600-041893ba0f45",
		"58daf2f7-1435-9270-9c16-82bba725bcc5",
		"caec5882-3fc2-f134-2cd3-fa72efacd3dd",
		"e6cc2888-d36e-aee9-6d21-ec3258b8cc6b",
		"3533b6f3-b775-ce92-6b28-fc757c474429",
		"42ccdd5a-09dc-8a95-38a4-0f8e08a44e98",
		"0ab13ac3-ca43-5cb4-aad4-b0cbd674256a",
		"1d3a18c6-f6f7-349a-1ebd-7eaf9238bf81",
		"ca57698d-ea92-3a89-5912-01e2133595c3",
		"e7dba832-d71c-5e7b-4bdd-e292dc5df549",
		"7bbb3220-3f10-5acd-25c5-8297cbc2dd80",
		"24b478e1-f51a-c6d7-1f14-5c9acb06deab"
	],
	"folders": [],
	"timestamp": 1495766376234,
	"owner": "",
	"public": false,
	"requests": [
		{
			"id": "0ab13ac3-ca43-5cb4-aad4-b0cbd674256a",
			"headers": "",
			"url": "http://localhost:3001/dominio/1",
			"pathVariables": {},
			"preRequestScript": null,
			"method": "PUT",
			"collectionId": "820cd6e3-fa0d-40c2-c884-440ab0ee88b1",
			"data": null,
			"dataMode": "params",
			"name": "http://localhost:3001/dominio/1",
			"description": "",
			"descriptionFormat": "html",
			"time": 1495766790435,
			"version": 2,
			"responses": [],
			"tests": null,
			"currentHelper": "normal",
			"helperAttributes": {}
		},
		{
			"id": "125e6019-5ac0-148a-e2ec-18e95e59b4a8",
			"headers": "",
			"url": "http://localhost:3001/diagnostico/1",
			"pathVariables": {},
			"preRequestScript": null,
			"method": "GET",
			"collectionId": "820cd6e3-fa0d-40c2-c884-440ab0ee88b1",
			"data": null,
			"dataMode": "params",
			"name": "http://localhost:3001/diagnostico/1",
			"description": "",
			"descriptionFormat": "html",
			"time": 1495766385257,
			"version": 2,
			"responses": [],
			"tests": null,
			"currentHelper": "normal",
			"helperAttributes": {}
		},
		{
			"id": "1d3a18c6-f6f7-349a-1ebd-7eaf9238bf81",
			"headers": "",
			"url": "http://localhost:3001/taxonomia",
			"pathVariables": {},
			"preRequestScript": null,
			"method": "GET",
			"collectionId": "820cd6e3-fa0d-40c2-c884-440ab0ee88b1",
			"data": null,
			"dataMode": "params",
			"name": "http://localhost:3001/taxonomia",
			"description": "",
			"descriptionFormat": "html",
			"time": 1495766977392,
			"version": 2,
			"responses": [],
			"tests": null,
			"currentHelper": "normal",
			"helperAttributes": {}
		},
		{
			"id": "1d6cbd29-7b51-f3c8-b152-a7011caf412a",
			"headers": "",
			"url": "http://localhost:3001/classe/dominio/1",
			"pathVariables": {},
			"preRequestScript": null,
			"method": "GET",
			"collectionId": "820cd6e3-fa0d-40c2-c884-440ab0ee88b1",
			"data": null,
			"dataMode": "params",
			"name": "http://localhost:3001/classe/dominio/1",
			"description": "",
			"descriptionFormat": "html",
			"time": 1495766590264,
			"version": 2,
			"responses": [],
			"tests": null,
			"currentHelper": "normal",
			"helperAttributes": {}
		},
		{
			"id": "24b478e1-f51a-c6d7-1f14-5c9acb06deab",
			"headers": "",
			"url": "http://localhost:3001/taxonomia/dominio/1",
			"pathVariables": {},
			"preRequestScript": null,
			"method": "GET",
			"collectionId": "820cd6e3-fa0d-40c2-c884-440ab0ee88b1",
			"data": null,
			"dataMode": "params",
			"name": "http://localhost:3001/taxonomia/dominio/1",
			"description": "",
			"descriptionFormat": "html",
			"time": 1495766995187,
			"version": 2,
			"responses": [],
			"tests": null,
			"currentHelper": "normal",
			"helperAttributes": {}
		},
		{
			"id": "3533b6f3-b775-ce92-6b28-fc757c474429",
			"headers": "Content-Type: application/json\n",
			"url": "http://localhost:3001/dominio",
			"pathVariables": {},
			"preRequestScript": null,
			"method": "POST",
			"collectionId": "820cd6e3-fa0d-40c2-c884-440ab0ee88b1",
			"data": [],
			"dataMode": "raw",
			"name": "http://localhost:3001/dominio",
			"description": "",
			"descriptionFormat": "html",
			"time": 1495766782097,
			"version": 2,
			"responses": [],
			"tests": null,
			"currentHelper": "normal",
			"helperAttributes": {},
			"rawModeData": "{\n\t\"nome\" : \"Teste\",\n\t\"descricao\" : \"Teste\",\n\t\"id_taxonomia\" : 1\n}"
		},
		{
			"id": "36046c5a-7bff-c445-8edf-31f792594c36",
			"headers": "",
			"url": "http://localhost:3001/classe/1",
			"pathVariables": {},
			"preRequestScript": null,
			"method": "GET",
			"collectionId": "820cd6e3-fa0d-40c2-c884-440ab0ee88b1",
			"data": null,
			"dataMode": "params",
			"name": "http://localhost:3001/classe/1",
			"description": "",
			"descriptionFormat": "html",
			"time": 1495766581708,
			"version": 2,
			"responses": [],
			"tests": null,
			"currentHelper": "normal",
			"helperAttributes": {}
		},
		{
			"id": "3dda42ea-54e1-5080-738f-78d94a6b809c",
			"headers": "",
			"url": "http://localhost:3001/diagnostico",
			"pathVariables": {},
			"preRequestScript": null,
			"method": "GET",
			"collectionId": "820cd6e3-fa0d-40c2-c884-440ab0ee88b1",
			"data": null,
			"dataMode": "params",
			"name": "http://localhost:3001/diagnostico",
			"description": "",
			"descriptionFormat": "html",
			"time": 1495766376234,
			"version": 2,
			"responses": [],
			"tests": null,
			"currentHelper": "normal",
			"helperAttributes": {}
		},
		{
			"id": "42ccdd5a-09dc-8a95-38a4-0f8e08a44e98",
			"headers": "",
			"url": "http://localhost:3001/dominio/1",
			"pathVariables": {},
			"preRequestScript": null,
			"method": "DELETE",
			"collectionId": "820cd6e3-fa0d-40c2-c884-440ab0ee88b1",
			"data": null,
			"dataMode": "params",
			"name": "http://localhost:3001/dominio/1",
			"description": "",
			"descriptionFormat": "html",
			"time": 1495766786092,
			"version": 2,
			"responses": [],
			"tests": null,
			"currentHelper": "normal",
			"helperAttributes": {}
		},
		{
			"id": "4cd6703e-8de0-d422-8a43-608e2efaa409",
			"headers": "",
			"url": "http://localhost:3001/diagnostico/taxonomia/1",
			"pathVariables": {},
			"preRequestScript": null,
			"method": "GET",
			"collectionId": "820cd6e3-fa0d-40c2-c884-440ab0ee88b1",
			"data": null,
			"dataMode": "params",
			"name": "http://localhost:3001/diagnostico/taxonomia/1",
			"description": "",
			"descriptionFormat": "html",
			"time": 1495766400037,
			"version": 2,
			"responses": [],
			"tests": null,
			"currentHelper": "normal",
			"helperAttributes": {}
		},
		{
			"id": "53ef68d5-fba1-d6d5-79ee-ae6601b68754",
			"headers": "",
			"url": "http://localhost:3001/diagnostico/classe/1",
			"pathVariables": {},
			"preRequestScript": null,
			"method": "GET",
			"collectionId": "820cd6e3-fa0d-40c2-c884-440ab0ee88b1",
			"data": null,
			"dataMode": "params",
			"name": "http://localhost:3001/diagnostico/classe/1",
			"description": "",
			"descriptionFormat": "html",
			"time": 1495766390290,
			"version": 2,
			"responses": [],
			"tests": null,
			"currentHelper": "normal",
			"helperAttributes": {}
		},
		{
			"id": "58daf2f7-1435-9270-9c16-82bba725bcc5",
			"headers": "",
			"url": "http://localhost:3001/dominio/diagnostico/1",
			"pathVariables": {},
			"preRequestScript": null,
			"method": "GET",
			"collectionId": "820cd6e3-fa0d-40c2-c884-440ab0ee88b1",
			"data": null,
			"dataMode": "params",
			"name": "http://localhost:3001/dominio/diagnostico/1",
			"description": "",
			"descriptionFormat": "html",
			"time": 1495766768320,
			"version": 2,
			"responses": [],
			"tests": null,
			"currentHelper": "normal",
			"helperAttributes": {}
		},
		{
			"id": "6d432c55-2c86-4fab-8158-ac3516fab27e",
			"headers": "",
			"url": "http://localhost:3001/diagnostico/1",
			"pathVariables": {},
			"preRequestScript": null,
			"method": "DELETE",
			"collectionId": "820cd6e3-fa0d-40c2-c884-440ab0ee88b1",
			"data": null,
			"dataMode": "params",
			"name": "http://localhost:3001/diagnostico/1",
			"description": "",
			"descriptionFormat": "html",
			"time": 1495766409365,
			"version": 2,
			"responses": [],
			"tests": null,
			"currentHelper": "normal",
			"helperAttributes": {}
		},
		{
			"id": "7bbb3220-3f10-5acd-25c5-8297cbc2dd80",
			"headers": "",
			"url": "http://localhost:3001/taxonomia/classe/1",
			"pathVariables": {},
			"preRequestScript": null,
			"method": "GET",
			"collectionId": "820cd6e3-fa0d-40c2-c884-440ab0ee88b1",
			"data": null,
			"dataMode": "params",
			"name": "http://localhost:3001/taxonomia/classe/1",
			"description": "",
			"descriptionFormat": "html",
			"time": 1495766990756,
			"version": 2,
			"responses": [],
			"tests": null,
			"currentHelper": "normal",
			"helperAttributes": {}
		},
		{
			"id": "833995fa-1702-f97d-2b7c-3d2536898a92",
			"headers": "",
			"url": "http://localhost:3001/classe/1",
			"pathVariables": {},
			"preRequestScript": null,
			"method": "DELETE",
			"collectionId": "820cd6e3-fa0d-40c2-c884-440ab0ee88b1",
			"data": null,
			"dataMode": "params",
			"name": "http://localhost:3001/classe/1",
			"description": "",
			"descriptionFormat": "html",
			"time": 1495766602926,
			"version": 2,
			"responses": [],
			"tests": null,
			"currentHelper": "normal",
			"helperAttributes": {}
		},
		{
			"id": "8d403a3f-bed9-37b4-e4fe-89b5120194dd",
			"headers": "",
			"url": "http://localhost:3001/classe/taxonomia/1",
			"pathVariables": {},
			"preRequestScript": null,
			"method": "GET",
			"collectionId": "820cd6e3-fa0d-40c2-c884-440ab0ee88b1",
			"data": null,
			"dataMode": "params",
			"name": "http://localhost:3001/classe/taxonomia/1",
			"description": "",
			"descriptionFormat": "html",
			"time": 1495766594768,
			"version": 2,
			"responses": [],
			"tests": null,
			"currentHelper": "normal",
			"helperAttributes": {}
		},
		{
			"id": "8d91480f-7014-f768-5b4c-90f4c8c254b5",
			"headers": "",
			"url": "http://localhost:3001/dominio",
			"pathVariables": {},
			"preRequestScript": null,
			"method": "GET",
			"collectionId": "820cd6e3-fa0d-40c2-c884-440ab0ee88b1",
			"data": null,
			"dataMode": "params",
			"name": "http://localhost:3001/dominio",
			"description": "",
			"descriptionFormat": "html",
			"time": 1495766759254,
			"version": 2,
			"responses": [],
			"tests": null,
			"currentHelper": "normal",
			"helperAttributes": {}
		},
		{
			"id": "90b2c835-6564-e566-ef8e-9a87dba95df6",
			"headers": "Content-Type: application/json\n",
			"url": "http://localhost:3001/diagnostico",
			"preRequestScript": null,
			"pathVariables": {},
			"method": "POST",
			"data": [],
			"dataMode": "raw",
			"version": 2,
			"tests": null,
			"currentHelper": "normal",
			"helperAttributes": {},
			"time": 1495766856597,
			"name": "http://localhost:3001/diagnostico",
			"description": "",
			"collectionId": "820cd6e3-fa0d-40c2-c884-440ab0ee88b1",
			"responses": [],
			"rawModeData": "{\n\t\"codigo\": \"00000\",\n\t\"descricao\" : \"Teste\",\n\t\"id_classe\" : 1\n}"
		},
		{
			"id": "a4fd668a-ebc8-0465-89ad-b9270b2b0552",
			"headers": "",
			"url": "http://localhost:3001/classe",
			"pathVariables": {},
			"preRequestScript": null,
			"method": "GET",
			"collectionId": "820cd6e3-fa0d-40c2-c884-440ab0ee88b1",
			"data": null,
			"dataMode": "params",
			"name": "http://localhost:3001/classe",
			"description": "",
			"descriptionFormat": "html",
			"time": 1495766576162,
			"version": 2,
			"responses": [],
			"tests": null,
			"currentHelper": "normal",
			"helperAttributes": {}
		},
		{
			"id": "abbad899-3fbb-9ba9-a583-fcfb0a236736",
			"headers": "",
			"url": "http://localhost:3001/classe/1",
			"pathVariables": {},
			"preRequestScript": null,
			"method": "PUT",
			"collectionId": "820cd6e3-fa0d-40c2-c884-440ab0ee88b1",
			"data": null,
			"dataMode": "params",
			"name": "http://localhost:3001/classe/1",
			"description": "",
			"descriptionFormat": "html",
			"time": 1495766607355,
			"version": 2,
			"responses": [],
			"tests": null,
			"currentHelper": "normal",
			"helperAttributes": {}
		},
		{
			"id": "b07e26c6-8317-e1a8-d6e2-9e0b93351d0c",
			"headers": "Content-Type: application/json\n",
			"url": "http://localhost:3001/classe",
			"preRequestScript": null,
			"pathVariables": {},
			"method": "POST",
			"data": [],
			"dataMode": "raw",
			"version": 2,
			"tests": null,
			"currentHelper": "normal",
			"helperAttributes": {},
			"time": 1495766832143,
			"name": "http://localhost:3001/classe",
			"description": "",
			"collectionId": "820cd6e3-fa0d-40c2-c884-440ab0ee88b1",
			"responses": [],
			"rawModeData": "{\n\t\"nome\": \"Teste\",\n\t\"descricao\" : \"Teste\",\n\t\"id_dominio\" : 1\n}"
		},
		{
			"id": "c0a6f79b-f948-23fb-4bd1-491e83956e84",
			"headers": "",
			"url": "http://localhost:3001/classe/diagnostico/1",
			"pathVariables": {},
			"preRequestScript": null,
			"method": "GET",
			"collectionId": "820cd6e3-fa0d-40c2-c884-440ab0ee88b1",
			"data": null,
			"dataMode": "params",
			"name": "http://localhost:3001/classe/diagnostico/1",
			"description": "",
			"descriptionFormat": "html",
			"time": 1495766586034,
			"version": 2,
			"responses": [],
			"tests": null,
			"currentHelper": "normal",
			"helperAttributes": {}
		},
		{
			"id": "c18a24a4-65c8-4ffa-6600-041893ba0f45",
			"headers": "",
			"url": "http://localhost:3001/dominio/1",
			"pathVariables": {},
			"preRequestScript": null,
			"method": "GET",
			"collectionId": "820cd6e3-fa0d-40c2-c884-440ab0ee88b1",
			"data": null,
			"dataMode": "params",
			"name": "http://localhost:3001/dominio/1",
			"description": "",
			"descriptionFormat": "html",
			"time": 1495766763247,
			"version": 2,
			"responses": [],
			"tests": null,
			"currentHelper": "normal",
			"helperAttributes": {}
		},
		{
			"id": "ca57698d-ea92-3a89-5912-01e2133595c3",
			"headers": "",
			"url": "http://localhost:3001/taxonomia/1",
			"pathVariables": {},
			"preRequestScript": null,
			"method": "GET",
			"collectionId": "820cd6e3-fa0d-40c2-c884-440ab0ee88b1",
			"data": null,
			"dataMode": "params",
			"name": "http://localhost:3001/taxonomia/1",
			"description": "",
			"descriptionFormat": "html",
			"time": 1495766982229,
			"version": 2,
			"responses": [],
			"tests": null,
			"currentHelper": "normal",
			"helperAttributes": {}
		},
		{
			"id": "caec5882-3fc2-f134-2cd3-fa72efacd3dd",
			"headers": "",
			"url": "http://localhost:3001/dominio/classe/1",
			"pathVariables": {},
			"preRequestScript": null,
			"method": "GET",
			"collectionId": "820cd6e3-fa0d-40c2-c884-440ab0ee88b1",
			"data": null,
			"dataMode": "params",
			"name": "http://localhost:3001/dominio/classe/1",
			"description": "",
			"descriptionFormat": "html",
			"time": 1495766773103,
			"version": 2,
			"responses": [],
			"tests": null,
			"currentHelper": "normal",
			"helperAttributes": {}
		},
		{
			"id": "e6cc2888-d36e-aee9-6d21-ec3258b8cc6b",
			"headers": "",
			"url": "http://localhost:3001/dominio/taxonomia/1",
			"pathVariables": {},
			"preRequestScript": null,
			"method": "GET",
			"collectionId": "820cd6e3-fa0d-40c2-c884-440ab0ee88b1",
			"data": null,
			"dataMode": "params",
			"name": "http://localhost:3001/dominio/taxonomia/1",
			"description": "",
			"descriptionFormat": "html",
			"time": 1495766777610,
			"version": 2,
			"responses": [],
			"tests": null,
			"currentHelper": "normal",
			"helperAttributes": {}
		},
		{
			"id": "e7dba832-d71c-5e7b-4bdd-e292dc5df549",
			"headers": "",
			"url": "http://localhost:3001/taxonomia/diagnostico/1",
			"pathVariables": {},
			"preRequestScript": null,
			"method": "GET",
			"collectionId": "820cd6e3-fa0d-40c2-c884-440ab0ee88b1",
			"data": null,
			"dataMode": "params",
			"name": "http://localhost:3001/taxonomia/diagnostico/1",
			"description": "",
			"descriptionFormat": "html",
			"time": 1495766986749,
			"version": 2,
			"responses": [],
			"tests": null,
			"currentHelper": "normal",
			"helperAttributes": {}
		},
		{
			"id": "f3106d44-04ad-7f08-a098-25376f58aa00",
			"headers": "",
			"url": "http://localhost:3001/diagnostico/1",
			"pathVariables": {},
			"preRequestScript": null,
			"method": "PUT",
			"collectionId": "820cd6e3-fa0d-40c2-c884-440ab0ee88b1",
			"data": null,
			"dataMode": "params",
			"name": "http://localhost:3001/diagnostico/1",
			"description": "",
			"descriptionFormat": "html",
			"time": 1495766414716,
			"version": 2,
			"responses": [],
			"tests": null,
			"currentHelper": "normal",
			"helperAttributes": {}
		},
		{
			"id": "fc1cd2a2-9958-a589-cf36-7a7710b84dbe",
			"headers": "",
			"url": "http://localhost:3001/diagnostico/dominio/1",
			"pathVariables": {},
			"preRequestScript": null,
			"method": "GET",
			"collectionId": "820cd6e3-fa0d-40c2-c884-440ab0ee88b1",
			"data": null,
			"dataMode": "params",
			"name": "http://localhost:3001/diagnostico/dominio/1",
			"description": "",
			"descriptionFormat": "html",
			"time": 1495766395184,
			"version": 2,
			"responses": [],
			"tests": null,
			"currentHelper": "normal",
			"helperAttributes": {}
		}
	]
}